nike	DONE	2026-06-03T02:12:40+00:00
chatgpt	DONE	2026-06-03T02:13:06+00:00
claude	DONE	2026-06-03T02:14:17+00:00
notion	DONE	2026-06-03T02:14:36+00:00
figma	DONE	2026-06-03T02:14:57+00:00
apple	DONE	2026-06-03T02:15:17+00:00
spotify	DONE	2026-06-03T02:15:40+00:00
adidas	DONE	2026-06-03T02:17:47+00:00
gucci	DONE	2026-06-03T02:17:58+00:00
louisvuitton	DONE	2026-06-03T02:18:10+00:00
balenciaga	DONE	2026-06-03T02:18:36+00:00
lululemon	DONE	2026-06-03T02:18:46+00:00
nordstrom	DONE	2026-06-03T02:19:22+00:00
tiffany	DONE	2026-06-03T02:26:13+00:00
cartier	DONE	2026-06-03T02:26:24+00:00
pandora	DONE	2026-06-03T02:28:02+00:00
davidyurman	DONE	2026-06-03T02:28:40+00:00
rolex	DONE	2026-06-03T02:28:51+00:00
applestore	DONE	2026-06-03T02:29:18+00:00
glossier	DONE	2026-06-03T02:30:41+00:00
shopify	DONE	2026-06-03T02:31:10+00:00
cocacola	DONE	2026-06-03T02:31:40+00:00
starbucks	DONE	2026-06-03T02:32:43+00:00
airbnb	DONE	2026-06-03T02:33:09+00:00
duolingo	DONE	2026-06-03T02:34:15+00:00
